kode,provinsi,periode,RETT_persen
11,Aceh,2021Q1,8.9164
11,Aceh,2021Q2,8.9347
11,Aceh,2021Q3,9.273
11,Aceh,2021Q4,8.8045
11,Aceh,2022Q1,9.1553
11,Aceh,2022Q2,8.7636
11,Aceh,2022Q3,9.2491
11,Aceh,2022Q4,9.159
11,Aceh,2023Q1,9.5984
11,Aceh,2023Q2,10.1479
11,Aceh,2023Q3,10.2716
11,Aceh,2023Q4,10.5207
11,Aceh,2024Q1,11.2782
11,Aceh,2024Q2,11.2385
11,Aceh,2024Q3,11.3134
11,Aceh,2024Q4,10.8937
11,Aceh,2025Q1,12.2502
11,Aceh,2025Q2,12.2325
12,Sumatera Utara,2021Q1,5.5726
12,Sumatera Utara,2021Q2,5.475
12,Sumatera Utara,2021Q3,5.3934
12,Sumatera Utara,2021Q4,5.4077
12,Sumatera Utara,2022Q1,5.4562
12,Sumatera Utara,2022Q2,5.7604
12,Sumatera Utara,2022Q3,5.9149
12,Sumatera Utara,2022Q4,6.3361
12,Sumatera Utara,2023Q1,6.7374
12,Sumatera Utara,2023Q2,6.9685
12,Sumatera Utara,2023Q3,7.0903
12,Sumatera Utara,2023Q4,7.0814
12,Sumatera Utara,2024Q1,7.2939
12,Sumatera Utara,2024Q2,7.3613
12,Sumatera Utara,2024Q3,7.4359
12,Sumatera Utara,2024Q4,7.5148
12,Sumatera Utara,2025Q1,7.5632
12,Sumatera Utara,2025Q2,7.349
13,Sumatera Barat,2021Q1,9.0118
13,Sumatera Barat,2021Q2,8.4551
13,Sumatera Barat,2021Q3,8.4346
13,Sumatera Barat,2021Q4,8.4933
13,Sumatera Barat,2022Q1,8.4737
13,Sumatera Barat,2022Q2,8.4321
13,Sumatera Barat,2022Q3,8.8013
13,Sumatera Barat,2022Q4,9.4716
13,Sumatera Barat,2023Q1,10.2447
13,Sumatera Barat,2023Q2,10.1774
13,Sumatera Barat,2023Q3,10.3902
13,Sumatera Barat,2023Q4,10.5881
13,Sumatera Barat,2024Q1,10.8225
13,Sumatera Barat,2024Q2,10.7168
13,Sumatera Barat,2024Q3,10.8687
13,Sumatera Barat,2024Q4,11.2513
13,Sumatera Barat,2025Q1,11.2322
13,Sumatera Barat,2025Q2,11.0622
14,Riau,2021Q1,11.6311
14,Riau,2021Q2,11.4735
14,Riau,2021Q3,11.1014
14,Riau,2021Q4,11.2245
14,Riau,2022Q1,11.5401
14,Riau,2022Q2,11.8895
14,Riau,2022Q3,13.0771
14,Riau,2022Q4,13.9257
14,Riau,2023Q1,15.108
14,Riau,2023Q2,15.5521
14,Riau,2023Q3,15.9157
14,Riau,2023Q4,15.9912
14,Riau,2024Q1,16.0801
14,Riau,2024Q2,15.8786
14,Riau,2024Q3,15.6384
14,Riau,2024Q4,15.6968
14,Riau,2025Q1,15.8077
14,Riau,2025Q2,15.4841
15,Jambi,2021Q1,12.4579
15,Jambi,2021Q2,12.4909
15,Jambi,2021Q3,12.6286
15,Jambi,2021Q4,12.7397
15,Jambi,2022Q1,13.2287
15,Jambi,2022Q2,13.6578
15,Jambi,2022Q3,14.9981
15,Jambi,2022Q4,15.7706
15,Jambi,2023Q1,17.2508
15,Jambi,2023Q2,17.6463
15,Jambi,2023Q3,17.9141
15,Jambi,2023Q4,17.6084
15,Jambi,2024Q1,17.3882
15,Jambi,2024Q2,17.4121
15,Jambi,2024Q3,17.527
15,Jambi,2024Q4,17.0023
15,Jambi,2025Q1,17.1879
15,Jambi,2025Q2,16.326
16,Sumatera Selatan,2021Q1,11.5117
16,Sumatera Selatan,2021Q2,11.8447
16,Sumatera Selatan,2021Q3,11.7647
16,Sumatera Selatan,2021Q4,11.6994
16,Sumatera Selatan,2022Q1,11.8561
16,Sumatera Selatan,2022Q2,12.9288
16,Sumatera Selatan,2022Q3,13.1575
16,Sumatera Selatan,2022Q4,13.4208
16,Sumatera Selatan,2023Q1,14.6044
16,Sumatera Selatan,2023Q2,14.2841
16,Sumatera Selatan,2023Q3,15.0349
16,Sumatera Selatan,2023Q4,14.9995
16,Sumatera Selatan,2024Q1,15.2961
16,Sumatera Selatan,2024Q2,14.69
16,Sumatera Selatan,2024Q3,14.6946
16,Sumatera Selatan,2024Q4,14.9689
16,Sumatera Selatan,2025Q1,14.7306
16,Sumatera Selatan,2025Q2,14.4979
17,Bengkulu,2021Q1,11.8853
17,Bengkulu,2021Q2,11.4671
17,Bengkulu,2021Q3,10.9979
17,Bengkulu,2021Q4,11.1135
17,Bengkulu,2022Q1,11.8251
17,Bengkulu,2022Q2,11.9495
17,Bengkulu,2022Q3,12.8465
17,Bengkulu,2022Q4,13.8263
17,Bengkulu,2023Q1,15.4155
17,Bengkulu,2023Q2,15.4986
17,Bengkulu,2023Q3,15.0341
17,Bengkulu,2023Q4,15.0729
17,Bengkulu,2024Q1,15.2886
17,Bengkulu,2024Q2,14.7132
17,Bengkulu,2024Q3,14.3452
17,Bengkulu,2024Q4,15.9704
17,Bengkulu,2025Q1,15.9321
17,Bengkulu,2025Q2,14.9697
18,Lampung,2021Q1,13.239
18,Lampung,2021Q2,12.8431
18,Lampung,2021Q3,12.6659
18,Lampung,2021Q4,12.6658
18,Lampung,2022Q1,13.0077
18,Lampung,2022Q2,12.8993
18,Lampung,2022Q3,13.222
18,Lampung,2022Q4,13.8722
18,Lampung,2023Q1,14.4868
18,Lampung,2023Q2,14.8585
18,Lampung,2023Q3,14.6661
18,Lampung,2023Q4,15.0417
18,Lampung,2024Q1,15.1607
18,Lampung,2024Q2,14.7366
18,Lampung,2024Q3,14.3626
18,Lampung,2024Q4,14.8236
18,Lampung,2025Q1,14.4236
18,Lampung,2025Q2,13.7532
19,Kepulauan Bangka Belitung,2021Q1,7.6176
19,Kepulauan Bangka Belitung,2021Q2,7.2432
19,Kepulauan Bangka Belitung,2021Q3,7.1131
19,Kepulauan Bangka Belitung,2021Q4,7.7044
19,Kepulauan Bangka Belitung,2022Q1,7.8225
19,Kepulauan Bangka Belitung,2022Q2,8.0441
19,Kepulauan Bangka Belitung,2022Q3,8.1591
19,Kepulauan Bangka Belitung,2022Q4,8.8112
19,Kepulauan Bangka Belitung,2023Q1,9.425
19,Kepulauan Bangka Belitung,2023Q2,9.3861
19,Kepulauan Bangka Belitung,2023Q3,9.339
19,Kepulauan Bangka Belitung,2023Q4,9.872
19,Kepulauan Bangka Belitung,2024Q1,10.585
19,Kepulauan Bangka Belitung,2024Q2,10.3776
19,Kepulauan Bangka Belitung,2024Q3,9.7765
19,Kepulauan Bangka Belitung,2024Q4,9.6081
19,Kepulauan Bangka Belitung,2025Q1,9.3164
19,Kepulauan Bangka Belitung,2025Q2,8.6179
21,Kepulauan Riau,2021Q1,4.7751
21,Kepulauan Riau,2021Q2,4.7337
21,Kepulauan Riau,2021Q3,4.6901
21,Kepulauan Riau,2021Q4,4.5695
21,Kepulauan Riau,2022Q1,4.7071
21,Kepulauan Riau,2022Q2,5.0489
21,Kepulauan Riau,2022Q3,5.2269
21,Kepulauan Riau,2022Q4,5.4236
21,Kepulauan Riau,2023Q1,5.75
21,Kepulauan Riau,2023Q2,5.8033
21,Kepulauan Riau,2023Q3,5.6982
21,Kepulauan Riau,2023Q4,5.8392
21,Kepulauan Riau,2024Q1,6.0862
21,Kepulauan Riau,2024Q2,5.9414
21,Kepulauan Riau,2024Q3,5.9868
21,Kepulauan Riau,2024Q4,5.9209
21,Kepulauan Riau,2025Q1,5.8524
21,Kepulauan Riau,2025Q2,5.8415
31,DKI Jakarta,2021Q1,2.5086
31,DKI Jakarta,2021Q2,2.4896
31,DKI Jakarta,2021Q3,2.3656
31,DKI Jakarta,2021Q4,2.2812
31,DKI Jakarta,2022Q1,2.3046
31,DKI Jakarta,2022Q2,2.3507
31,DKI Jakarta,2022Q3,2.4178
31,DKI Jakarta,2022Q4,2.2467
31,DKI Jakarta,2023Q1,2.3397
31,DKI Jakarta,2023Q2,2.4198
31,DKI Jakarta,2023Q3,2.463
31,DKI Jakarta,2023Q4,2.3735
31,DKI Jakarta,2024Q1,2.3524
31,DKI Jakarta,2024Q2,2.3602
31,DKI Jakarta,2024Q3,2.4143
31,DKI Jakarta,2024Q4,2.3674
31,DKI Jakarta,2025Q1,2.3336
31,DKI Jakarta,2025Q2,2.1866
32,Jawa Barat,2021Q1,11.1207
32,Jawa Barat,2021Q2,10.6798
32,Jawa Barat,2021Q3,10.8388
32,Jawa Barat,2021Q4,10.4777
32,Jawa Barat,2022Q1,10.8459
32,Jawa Barat,2022Q2,10.9651
32,Jawa Barat,2022Q3,11.4566
32,Jawa Barat,2022Q4,11.495
32,Jawa Barat,2023Q1,12.0905
32,Jawa Barat,2023Q2,11.923
32,Jawa Barat,2023Q3,12.3951
32,Jawa Barat,2023Q4,12.2667
32,Jawa Barat,2024Q1,12.4144
32,Jawa Barat,2024Q2,12.6561
32,Jawa Barat,2024Q3,12.8965
32,Jawa Barat,2024Q4,12.7194
32,Jawa Barat,2025Q1,12.7397
32,Jawa Barat,2025Q2,12.6054
33,Jawa Tengah,2021Q1,9.7964
33,Jawa Tengah,2021Q2,9.0803
33,Jawa Tengah,2021Q3,9.0584
33,Jawa Tengah,2021Q4,8.1948
33,Jawa Tengah,2022Q1,8.385
33,Jawa Tengah,2022Q2,7.8046
33,Jawa Tengah,2022Q3,8.1135
33,Jawa Tengah,2022Q4,7.8162
33,Jawa Tengah,2023Q1,8.1621
33,Jawa Tengah,2023Q2,7.6468
33,Jawa Tengah,2023Q3,7.7926
33,Jawa Tengah,2023Q4,7.5701
33,Jawa Tengah,2024Q1,8.2902
33,Jawa Tengah,2024Q2,7.8423
33,Jawa Tengah,2024Q3,8.1448
33,Jawa Tengah,2024Q4,8.0742
33,Jawa Tengah,2025Q1,8.7369
33,Jawa Tengah,2025Q2,8.1677
34,DI Yogyakarta,2021Q1,4.7404
34,DI Yogyakarta,2021Q2,4.5987
34,DI Yogyakarta,2021Q3,4.5591
34,DI Yogyakarta,2021Q4,4.4649
34,DI Yogyakarta,2022Q1,4.4053
34,DI Yogyakarta,2022Q2,4.5283
34,DI Yogyakarta,2022Q3,4.6474
34,DI Yogyakarta,2022Q4,4.7954
34,DI Yogyakarta,2023Q1,5.0022
34,DI Yogyakarta,2023Q2,5.0779
34,DI Yogyakarta,2023Q3,5.1316
34,DI Yogyakarta,2023Q4,5.259
34,DI Yogyakarta,2024Q1,5.6052
34,DI Yogyakarta,2024Q2,5.717
34,DI Yogyakarta,2024Q3,5.8659
34,DI Yogyakarta,2024Q4,5.9169
34,DI Yogyakarta,2025Q1,6.0194
34,DI Yogyakarta,2025Q2,5.8497
35,Jawa Timur,2021Q1,6.0366
35,Jawa Timur,2021Q2,5.9926
35,Jawa Timur,2021Q3,5.7736
35,Jawa Timur,2021Q4,5.7421
35,Jawa Timur,2022Q1,5.9588
35,Jawa Timur,2022Q2,6.0615
35,Jawa Timur,2022Q3,6.1264
35,Jawa Timur,2022Q4,6.2217
35,Jawa Timur,2023Q1,6.4375
35,Jawa Timur,2023Q2,6.4437
35,Jawa Timur,2023Q3,6.3676
35,Jawa Timur,2023Q4,6.4322
35,Jawa Timur,2024Q1,6.5954
35,Jawa Timur,2024Q2,6.6276
35,Jawa Timur,2024Q3,6.7931
35,Jawa Timur,2024Q4,6.8766
35,Jawa Timur,2025Q1,6.9743
35,Jawa Timur,2025Q2,6.6865
36,Banten,2021Q1,10.7245
36,Banten,2021Q2,10.4831
36,Banten,2021Q3,10.5036
36,Banten,2021Q4,10.2666
36,Banten,2022Q1,10.6195
36,Banten,2022Q2,10.9343
36,Banten,2022Q3,11.2273
36,Banten,2022Q4,11.5298
36,Banten,2023Q1,11.7829
36,Banten,2023Q2,11.9426
36,Banten,2023Q3,11.7755
36,Banten,2023Q4,12.088
36,Banten,2024Q1,12.0896
36,Banten,2024Q2,12.14
36,Banten,2024Q3,12.1419
36,Banten,2024Q4,12.0658
36,Banten,2025Q1,12.3357
36,Banten,2025Q2,12.3135
51,Bali,2021Q1,6.3398
51,Bali,2021Q2,5.9134
51,Bali,2021Q3,5.6148
51,Bali,2021Q4,5.3158
51,Bali,2022Q1,5.2627
51,Bali,2022Q2,5.1621
51,Bali,2022Q3,5.1117
51,Bali,2022Q4,6.4208
51,Bali,2023Q1,6.529
51,Bali,2023Q2,6.5655
51,Bali,2023Q3,6.3899
51,Bali,2023Q4,6.5914
51,Bali,2024Q1,6.6094
51,Bali,2024Q2,6.4774
51,Bali,2024Q3,6.5868
51,Bali,2024Q4,6.7177
51,Bali,2025Q1,6.7541
51,Bali,2025Q2,6.3751
52,Nusa Tenggara Barat,2021Q1,8.9709
52,Nusa Tenggara Barat,2021Q2,8.6675
52,Nusa Tenggara Barat,2021Q3,8.8436
52,Nusa Tenggara Barat,2021Q4,8.678
52,Nusa Tenggara Barat,2022Q1,11.1616
52,Nusa Tenggara Barat,2022Q2,10.1264
52,Nusa Tenggara Barat,2022Q3,10.2784
52,Nusa Tenggara Barat,2022Q4,10.3033
52,Nusa Tenggara Barat,2023Q1,10.359
52,Nusa Tenggara Barat,2023Q2,10.8612
52,Nusa Tenggara Barat,2023Q3,10.7551
52,Nusa Tenggara Barat,2023Q4,10.8474
52,Nusa Tenggara Barat,2024Q1,10.8288
52,Nusa Tenggara Barat,2024Q2,10.6233
52,Nusa Tenggara Barat,2024Q3,10.7751
52,Nusa Tenggara Barat,2024Q4,11.5868
52,Nusa Tenggara Barat,2025Q1,11.5056
52,Nusa Tenggara Barat,2025Q2,11.0971
53,Nusa Tenggara Timur,2021Q1,4.8726
53,Nusa Tenggara Timur,2021Q2,4.5818
53,Nusa Tenggara Timur,2021Q3,4.6727
53,Nusa Tenggara Timur,2021Q4,4.5396
53,Nusa Tenggara Timur,2022Q1,4.5182
53,Nusa Tenggara Timur,2022Q2,4.4855
53,Nusa Tenggara Timur,2022Q3,4.6003
53,Nusa Tenggara Timur,2022Q4,4.6236
53,Nusa Tenggara Timur,2023Q1,4.8899
53,Nusa Tenggara Timur,2023Q2,5.1091
53,Nusa Tenggara Timur,2023Q3,5.3186
53,Nusa Tenggara Timur,2023Q4,5.6904
53,Nusa Tenggara Timur,2024Q1,5.8983
53,Nusa Tenggara Timur,2024Q2,6.177
53,Nusa Tenggara Timur,2024Q3,6.519
53,Nusa Tenggara Timur,2024Q4,7.062
53,Nusa Tenggara Timur,2025Q1,7.2193
53,Nusa Tenggara Timur,2025Q2,7.1903
61,Kalimantan Barat,2021Q1,8.4824
61,Kalimantan Barat,2021Q2,8.3851
61,Kalimantan Barat,2021Q3,8.4023
61,Kalimantan Barat,2021Q4,8.1873
61,Kalimantan Barat,2022Q1,8.6011
61,Kalimantan Barat,2022Q2,8.932
61,Kalimantan Barat,2022Q3,9.3259
61,Kalimantan Barat,2022Q4,9.7698
61,Kalimantan Barat,2023Q1,10.5036
61,Kalimantan Barat,2023Q2,11.0004
61,Kalimantan Barat,2023Q3,10.9751
61,Kalimantan Barat,2023Q4,11.1628
61,Kalimantan Barat,2024Q1,11.5305
61,Kalimantan Barat,2024Q2,11.606
61,Kalimantan Barat,2024Q3,11.8314
61,Kalimantan Barat,2024Q4,12.159
61,Kalimantan Barat,2025Q1,12.3736
61,Kalimantan Barat,2025Q2,12.2811
62,Kalimantan Tengah,2021Q1,12.5337
62,Kalimantan Tengah,2021Q2,12.5455
62,Kalimantan Tengah,2021Q3,12.7814
62,Kalimantan Tengah,2021Q4,12.6945
62,Kalimantan Tengah,2022Q1,13.6353
62,Kalimantan Tengah,2022Q2,14.046
62,Kalimantan Tengah,2022Q3,14.9139
62,Kalimantan Tengah,2022Q4,15.3432
62,Kalimantan Tengah,2023Q1,17.1685
62,Kalimantan Tengah,2023Q2,17.6588
62,Kalimantan Tengah,2023Q3,17.3515
62,Kalimantan Tengah,2023Q4,16.6876
62,Kalimantan Tengah,2024Q1,16.9317
62,Kalimantan Tengah,2024Q2,16.0095
62,Kalimantan Tengah,2024Q3,15.5149
62,Kalimantan Tengah,2024Q4,15.5823
62,Kalimantan Tengah,2025Q1,14.974
62,Kalimantan Tengah,2025Q2,15.286
63,Kalimantan Selatan,2021Q1,12.3408
63,Kalimantan Selatan,2021Q2,11.9707
63,Kalimantan Selatan,2021Q3,11.473
63,Kalimantan Selatan,2021Q4,11.2659
63,Kalimantan Selatan,2022Q1,11.9589
63,Kalimantan Selatan,2022Q2,11.7044
63,Kalimantan Selatan,2022Q3,11.8429
63,Kalimantan Selatan,2022Q4,11.858
63,Kalimantan Selatan,2023Q1,12.2195
63,Kalimantan Selatan,2023Q2,12.6466
63,Kalimantan Selatan,2023Q3,13.2532
63,Kalimantan Selatan,2023Q4,13.2814
63,Kalimantan Selatan,2024Q1,13.4123
63,Kalimantan Selatan,2024Q2,12.9291
63,Kalimantan Selatan,2024Q3,12.7889
63,Kalimantan Selatan,2024Q4,12.3634
63,Kalimantan Selatan,2025Q1,11.7416
63,Kalimantan Selatan,2025Q2,11.8352
64,Kalimantan Timur (inkl. Kalimantan Utara),2021Q1,10.081
64,Kalimantan Timur (inkl. Kalimantan Utara),2021Q2,9.8213
64,Kalimantan Timur (inkl. Kalimantan Utara),2021Q3,9.9933
64,Kalimantan Timur (inkl. Kalimantan Utara),2021Q4,10.7425
64,Kalimantan Timur (inkl. Kalimantan Utara),2022Q1,11.6574
64,Kalimantan Timur (inkl. Kalimantan Utara),2022Q2,11.8524
64,Kalimantan Timur (inkl. Kalimantan Utara),2022Q3,12.3544
64,Kalimantan Timur (inkl. Kalimantan Utara),2022Q4,12.0346
64,Kalimantan Timur (inkl. Kalimantan Utara),2023Q1,13.0083
64,Kalimantan Timur (inkl. Kalimantan Utara),2023Q2,13.2739
64,Kalimantan Timur (inkl. Kalimantan Utara),2023Q3,13.522
64,Kalimantan Timur (inkl. Kalimantan Utara),2023Q4,14.1478
64,Kalimantan Timur (inkl. Kalimantan Utara),2024Q1,14.4692
64,Kalimantan Timur (inkl. Kalimantan Utara),2024Q2,14.2876
64,Kalimantan Timur (inkl. Kalimantan Utara),2024Q3,14.7662
64,Kalimantan Timur (inkl. Kalimantan Utara),2024Q4,14.6944
64,Kalimantan Timur (inkl. Kalimantan Utara),2025Q1,15.343
64,Kalimantan Timur (inkl. Kalimantan Utara),2025Q2,15.5494
71,Sulawesi Utara,2021Q1,15.9254
71,Sulawesi Utara,2021Q2,15.873
71,Sulawesi Utara,2021Q3,16.7776
71,Sulawesi Utara,2021Q4,17.2558
71,Sulawesi Utara,2022Q1,17.7665
71,Sulawesi Utara,2022Q2,18.3174
71,Sulawesi Utara,2022Q3,18.6032
71,Sulawesi Utara,2022Q4,19.1896
71,Sulawesi Utara,2023Q1,19.4973
71,Sulawesi Utara,2023Q2,19.4934
71,Sulawesi Utara,2023Q3,19.6572
71,Sulawesi Utara,2023Q4,20.1364
71,Sulawesi Utara,2024Q1,20.3542
71,Sulawesi Utara,2024Q2,20.6126
71,Sulawesi Utara,2024Q3,21.575
71,Sulawesi Utara,2024Q4,22.0208
71,Sulawesi Utara,2025Q1,21.6131
71,Sulawesi Utara,2025Q2,20.8052
72,Sulawesi Tengah,2021Q1,12.5931
72,Sulawesi Tengah,2021Q2,12.1476
72,Sulawesi Tengah,2021Q3,12.4495
72,Sulawesi Tengah,2021Q4,11.6211
72,Sulawesi Tengah,2022Q1,13.3863
72,Sulawesi Tengah,2022Q2,13.9639
72,Sulawesi Tengah,2022Q3,15.009
72,Sulawesi Tengah,2022Q4,14.5532
72,Sulawesi Tengah,2023Q1,15.8432
72,Sulawesi Tengah,2023Q2,15.7426
72,Sulawesi Tengah,2023Q3,16.3072
72,Sulawesi Tengah,2023Q4,16.7177
72,Sulawesi Tengah,2024Q1,16.0032
72,Sulawesi Tengah,2024Q2,15.9133
72,Sulawesi Tengah,2024Q3,16.6381
72,Sulawesi Tengah,2024Q4,17.2019
72,Sulawesi Tengah,2025Q1,17.7903
72,Sulawesi Tengah,2025Q2,17.8319
73,Sulawesi Selatan,2021Q1,10.6724
73,Sulawesi Selatan,2021Q2,10.5912
73,Sulawesi Selatan,2021Q3,10.6767
73,Sulawesi Selatan,2021Q4,10.9667
73,Sulawesi Selatan,2022Q1,11.5466
73,Sulawesi Selatan,2022Q2,11.6585
73,Sulawesi Selatan,2022Q3,12.2593
73,Sulawesi Selatan,2022Q4,12.6675
73,Sulawesi Selatan,2023Q1,12.7328
73,Sulawesi Selatan,2023Q2,12.6874
73,Sulawesi Selatan,2023Q3,12.992
73,Sulawesi Selatan,2023Q4,13.1328
73,Sulawesi Selatan,2024Q1,13.4486
73,Sulawesi Selatan,2024Q2,13.415
73,Sulawesi Selatan,2024Q3,13.6486
73,Sulawesi Selatan,2024Q4,13.6437
73,Sulawesi Selatan,2025Q1,13.4548
73,Sulawesi Selatan,2025Q2,13.0119
74,Sulawesi Tenggara,2021Q1,12.3657
74,Sulawesi Tenggara,2021Q2,12.1079
74,Sulawesi Tenggara,2021Q3,12.9369
74,Sulawesi Tenggara,2021Q4,12.2912
74,Sulawesi Tenggara,2022Q1,13.9203
74,Sulawesi Tenggara,2022Q2,14.0205
74,Sulawesi Tenggara,2022Q3,14.7852
74,Sulawesi Tenggara,2022Q4,15.0133
74,Sulawesi Tenggara,2023Q1,16.3524
74,Sulawesi Tenggara,2023Q2,16.6751
74,Sulawesi Tenggara,2023Q3,16.5882
74,Sulawesi Tenggara,2023Q4,17.1745
74,Sulawesi Tenggara,2024Q1,18.2663
74,Sulawesi Tenggara,2024Q2,17.0363
74,Sulawesi Tenggara,2024Q3,18.132
74,Sulawesi Tenggara,2024Q4,18.4043
74,Sulawesi Tenggara,2025Q1,18.9427
74,Sulawesi Tenggara,2025Q2,19.1025
75,Gorontalo,2021Q1,23.8698
75,Gorontalo,2021Q2,23.4814
75,Gorontalo,2021Q3,23.6485
75,Gorontalo,2021Q4,25.0363
75,Gorontalo,2022Q1,24.6237
75,Gorontalo,2022Q2,24.5478
75,Gorontalo,2022Q3,25.3347
75,Gorontalo,2022Q4,26.7824
75,Gorontalo,2023Q1,27.6576
75,Gorontalo,2023Q2,26.8663
75,Gorontalo,2023Q3,27.4765
75,Gorontalo,2023Q4,28.7755
75,Gorontalo,2024Q1,28.6699
75,Gorontalo,2024Q2,28.6878
75,Gorontalo,2024Q3,29.4085
75,Gorontalo,2024Q4,31.6104
75,Gorontalo,2025Q1,31.6053
75,Gorontalo,2025Q2,31.8672
76,Sulawesi Barat,2021Q1,13.3438
76,Sulawesi Barat,2021Q2,13.389
76,Sulawesi Barat,2021Q3,13.5825
76,Sulawesi Barat,2021Q4,15.5045
76,Sulawesi Barat,2022Q1,15.9483
76,Sulawesi Barat,2022Q2,16.1506
76,Sulawesi Barat,2022Q3,17.0146
76,Sulawesi Barat,2022Q4,18.4541
76,Sulawesi Barat,2023Q1,19.9653
76,Sulawesi Barat,2023Q2,19.1106
76,Sulawesi Barat,2023Q3,20.2968
76,Sulawesi Barat,2023Q4,21.1449
76,Sulawesi Barat,2024Q1,22.5613
76,Sulawesi Barat,2024Q2,21.0033
76,Sulawesi Barat,2024Q3,20.8594
76,Sulawesi Barat,2024Q4,21.2088
76,Sulawesi Barat,2025Q1,21.3621
76,Sulawesi Barat,2025Q2,20.7774
81,Maluku,2021Q1,5.0854
81,Maluku,2021Q2,5.2444
81,Maluku,2021Q3,5.3168
81,Maluku,2021Q4,5.8376
81,Maluku,2022Q1,6.2739
81,Maluku,2022Q2,6.3623
81,Maluku,2022Q3,6.6981
81,Maluku,2022Q4,7.0197
81,Maluku,2023Q1,7.5174
81,Maluku,2023Q2,7.3296
81,Maluku,2023Q3,7.402
81,Maluku,2023Q4,7.7062
81,Maluku,2024Q1,8.2524
81,Maluku,2024Q2,8.5694
81,Maluku,2024Q3,8.7023
81,Maluku,2024Q4,8.9782
81,Maluku,2025Q1,9.0034
81,Maluku,2025Q2,8.6118
82,Maluku Utara,2021Q1,10.5495
82,Maluku Utara,2021Q2,10.3714
82,Maluku Utara,2021Q3,11.2296
82,Maluku Utara,2021Q4,11.3661
82,Maluku Utara,2022Q1,12.316
82,Maluku Utara,2022Q2,13.0776
82,Maluku Utara,2022Q3,12.8555
82,Maluku Utara,2022Q4,13.1201
82,Maluku Utara,2023Q1,13.8483
82,Maluku Utara,2023Q2,14.0555
82,Maluku Utara,2023Q3,14.092
82,Maluku Utara,2023Q4,14.8843
82,Maluku Utara,2024Q1,14.8104
82,Maluku Utara,2024Q2,14.9867
82,Maluku Utara,2024Q3,17.1768
82,Maluku Utara,2024Q4,18.319
82,Maluku Utara,2025Q1,17.4234
82,Maluku Utara,2025Q2,16.0
91,Papua Barat,2021Q1,4.7081
91,Papua Barat,2021Q2,4.8513
91,Papua Barat,2021Q3,5.9162
91,Papua Barat,2021Q4,5.0078
91,Papua Barat,2022Q1,6.1052
91,Papua Barat,2022Q2,6.0306
91,Papua Barat,2022Q3,5.945
91,Papua Barat,2022Q4,5.7928
91,Papua Barat,2023Q1,6.6834
91,Papua Barat,2023Q2,6.6988
91,Papua Barat,2023Q3,6.5435
91,Papua Barat,2023Q4,6.5199
91,Papua Barat,2024Q1,6.757
91,Papua Barat,2024Q2,6.7003
91,Papua Barat,2024Q3,6.6991
91,Papua Barat,2024Q4,6.7715
91,Papua Barat,2025Q1,7.3894
91,Papua Barat,2025Q2,7.3748
94,Papua,2021Q1,2.8644
94,Papua,2021Q2,2.7754
94,Papua,2021Q3,2.9113
94,Papua,2021Q4,2.9482
94,Papua,2022Q1,3.3558
94,Papua,2022Q2,3.2098
94,Papua,2022Q3,3.5257
94,Papua,2022Q4,3.4565
94,Papua,2023Q1,3.9893
94,Papua,2023Q2,3.7457
94,Papua,2023Q3,3.4756
94,Papua,2023Q4,3.6643
94,Papua,2024Q1,4.0792
94,Papua,2024Q2,3.7513
94,Papua,2024Q3,4.0529
94,Papua,2024Q4,4.3017
94,Papua,2025Q1,4.7711
94,Papua,2025Q2,4.3703
